SNP_ID,SNP_pos,chr,p_value,count,phenotypes
"scaffold_12:619647\A,\G",619647,scaffold_12,0.0002660872,1,Salt6
"scaffold_12:614707\A,\G",614707,scaffold_12,0.0002955441,1,Salt6
"scaffold_12:619601\T,\G",619601,scaffold_12,0.0003936579,1,Salt6
"scaffold_3:882444\A,\C",882444,scaffold_3,0.0005661655,1,Salt6
"scaffold_1:1264109\A,\G",1264109,scaffold_1,0.0005870034,1,Salt6
"scaffold_13:69142\T,\C",69142,scaffold_13,0.0007173386,1,Salt6
"scaffold_8:619507\G,\T",619507,scaffold_8,0.0008189253,1,Salt6
"scaffold_2:72845\G,\C",72845,scaffold_2,0.0008644439,1,Salt6
"scaffold_12:619719\G,\A",619719,scaffold_12,0.000965806,1,Salt6
"scaffold_6:994917\C,\T",994917,scaffold_6,0.00101063,1,Salt6
"scaffold_19:204464\G,\A",204464,scaffold_19,0.00101063,1,Salt6
"scaffold_6:909464\C,\T",909464,scaffold_6,0.00101063,1,Salt6
"scaffold_19:252780\C,\T",252780,scaffold_19,0.00101063,1,Salt6
"scaffold_3:594124\T,\A",594124,scaffold_3,0.001018467,1,Salt6
"scaffold_12:614711\A,\G",614711,scaffold_12,0.001090099,1,Salt6
"scaffold_1:175015\T,\C",175015,scaffold_1,0.0002059174,1,T4C
"scaffold_3:841224\G,\A",841224,scaffold_3,0.0009521495,1,T4C
"scaffold_8:1171730\G,\T",1171730,scaffold_8,0.0009864574,1,T4C
"scaffold_16:133150\A,\G",133150,scaffold_16,0.001121868,1,T4C
"scaffold_3:841345\G,\C",841345,scaffold_3,0.001354534,1,T4C
"scaffold_16:301277\T,\C",301277,scaffold_16,0.001374857,1,T4C
"scaffold_3:843430\A,\G",843430,scaffold_3,0.001806143,1,T4C
"scaffold_19:54396\T,\C",54396,scaffold_19,0.001896474,1,T4C
"scaffold_6:466617\G,\C",466617,scaffold_6,0.002101425,1,T4C
"scaffold_3:841653\A,\G",841653,scaffold_3,0.002179422,1,T4C
"scaffold_3:117395\A,\T",117395,scaffold_3,0.002248454,1,T4C
"scaffold_3:117393\A,\C",117393,scaffold_3,0.002248454,1,T4C
"scaffold_3:842025\G,\A",842025,scaffold_3,0.002610735,1,T4C
"scaffold_18:571466\C,\T",571466,scaffold_18,0.002893924,1,T4C
"scaffold_16:299106\G,\A",299106,scaffold_16,0.003038308,1,T4C
"scaffold_8:273023\G,\A",273023,scaffold_8,0.0005673485,1,T15C
"scaffold_2:543292\C,\A",543292,scaffold_2,0.0005673648,1,T15C
"scaffold_2:543275\C,\T",543275,scaffold_2,0.0005673648,1,T15C
"scaffold_15:695481\G,\A",695481,scaffold_15,0.002585868,1,T15C
"scaffold_15:695483\T,\C",695483,scaffold_15,0.002585868,1,T15C
"scaffold_8:983095\A,\C",983095,scaffold_8,,3,"T15C, T22C, T30C"
"scaffold_4:407743\A,\G",407743,scaffold_4,0.003003087,1,T15C
"scaffold_16:32388\A,\G",32388,scaffold_16,0.003149654,1,T15C
"scaffold_16:32376\T,\G",32376,scaffold_16,0.003149654,1,T15C
"scaffold_16:32364\T,\A",32364,scaffold_16,0.003149654,1,T15C
"scaffold_16:32365\C,\T",32365,scaffold_16,0.003149654,1,T15C
"scaffold_16:32381\G,\A",32381,scaffold_16,0.003149654,1,T15C
"scaffold_16:32400\T,\C",32400,scaffold_16,0.003149654,1,T15C
"scaffold_12:759570\A,\C",759570,scaffold_12,0.00341731,1,T15C
"scaffold_12:803752\G,\C",803752,scaffold_12,0.003788093,1,T15C
"scaffold_7:336033\G,\C",336033,scaffold_7,0.0002756154,1,T22C
"scaffold_5:705090\A,\G",705090,scaffold_5,0.0002941386,1,T22C
"scaffold_3:1410324\C,\G",1410324,scaffold_3,0.0002941386,1,T22C
"scaffold_5:705091\G,\T",705091,scaffold_5,0.0002941386,1,T22C
"scaffold_1:473705\T,\C",473705,scaffold_1,0.0002988035,1,T22C
"scaffold_1:473672\T,\C",473672,scaffold_1,0.0002988035,1,T22C
"scaffold_17:466705\A,\G",466705,scaffold_17,0.0003087033,1,T22C
"scaffold_12:557494\G,\C",557494,scaffold_12,0.000309136,1,T22C
"scaffold_3:656102\T,\C",656102,scaffold_3,0.0003438118,1,T22C
"scaffold_2:944484\G,\A",944484,scaffold_2,0.0003884436,1,T22C
"scaffold_5:164549\G,\C",164549,scaffold_5,0.0003951206,1,T22C
"scaffold_5:72581\G,\C",72581,scaffold_5,0.0003991131,1,T22C
"scaffold_16:278066\T,\C",278066,scaffold_16,0.0004126718,1,T22C
"scaffold_5:673497\C,\T",673497,scaffold_5,0.0004280897,1,T22C
"scaffold_10:145629\A,\T",145629,scaffold_10,0.0002063924,1,T30C
"scaffold_17:319907\G,\A",319907,scaffold_17,0.0002063924,1,T30C
"scaffold_15:583402\G,\A",583402,scaffold_15,0.0002063924,1,T30C
"scaffold_15:583282\T,\C",583282,scaffold_15,0.0002063924,1,T30C
"scaffold_17:319302\A,\G",319302,scaffold_17,0.0002063924,1,T30C
"scaffold_15:581931\C,\G",581931,scaffold_15,0.0002063924,1,T30C
"scaffold_6:710223\T,\C",710223,scaffold_6,0.0002063924,1,T30C
"scaffold_17:317018\C,\T",317018,scaffold_17,0.0002063924,1,T30C
"scaffold_8:450545\C,\T",450545,scaffold_8,0.0002063924,1,T30C
"scaffold_10:146393\G,\T",146393,scaffold_10,0.0002378785,1,T30C
"scaffold_2:1307989\A,\G",1307989,scaffold_2,0.0002762802,1,T30C
"scaffold_15:600444\A,\G",600444,scaffold_15,0.0002762802,1,T30C
"scaffold_15:600347\T,\C",600347,scaffold_15,0.0002762802,1,T30C
"scaffold_8:447043\A,\C",447043,scaffold_8,0.0002772611,1,T30C
"scaffold_3:1216973\C,\T",1216973,scaffold_3,1.714968e-08,1,T37C
"scaffold_5:244214\A,\G",244214,scaffold_5,1.576018e-07,1,T37C
"scaffold_5:365308\T,\C",365308,scaffold_5,1.576018e-07,1,T37C
"scaffold_9:175367\A,\C",175367,scaffold_9,2.097692e-07,1,T37C
"scaffold_7:396165\G,\A",396165,scaffold_7,8.033592e-07,1,T37C
"scaffold_6:858097\A,\G",858097,scaffold_6,1.250281e-06,1,T37C
"scaffold_5:499458\G,\A",499458,scaffold_5,1.250281e-06,1,T37C
"scaffold_2:261139\G,\A",261139,scaffold_2,1.250281e-06,1,T37C
"scaffold_2:1143870\A,\C",1143870,scaffold_2,1.432031e-06,1,T37C
"scaffold_2:260415\C,\T",260415,scaffold_2,1.697767e-06,1,T37C
"scaffold_7:3142\C,\T",3142,scaffold_7,2.203802e-06,1,T37C
"scaffold_12:818155\G,\C",818155,scaffold_12,3.842636e-06,1,T37C
"scaffold_5:1066151\A,\C",1066151,scaffold_5,3.842636e-06,1,T37C
"scaffold_3:634712\G,\T",634712,scaffold_3,3.842636e-06,1,T37C
"scaffold_8:633777\A,\T",633777,scaffold_8,3.842636e-06,1,T37C
